{
    "sceneObjects": [],
    "customCommands": [
        [
            [
                60001,
                {
                    "74577032484_0.13493609495640202": "asset/audio/bgm/天下贰游戏 - 江南 (Inst_)_L.ogg,1,1",
                    "74578579319_0.15291120828407134": 1,
                    "74577096874_0.3591907761287778": 0,
                    "74578604912_0.9929207213758935": 1,
                    "74578368784_0.14741385337394952": false,
                    "74578437868_0.8072901569041822": false,
                    "74578505525_0.42967771881669203": false
                },
                "207305659669_0.0757198485618289"
            ],
            [
                40001,
                {
                    "24538808102_0.9970934946254328": 1,
                    "49612012650_0.7509974095572418": 1,
                    "24538808435_0.6230939565765392": "asset/image/picture/background/BE 3.png",
                    "49518385245_0.9308839798952664": 1,
                    "49141521249_0.2965750598394892": 0,
                    "49519573910_0.08853124862540018": 1,
                    "49141521416_0.0884961804795068": 0,
                    "49519590084_0.3058131165318816": 1,
                    "49150249927_0.6881795527970145": 100,
                    "49519636189_0.2521948025226537": 1,
                    "49232462793_0.7622411974016037": 1600,
                    "49520636693_0.8404154506260593": 1,
                    "49232464582_0.12430969584603324": 900,
                    "49520744730_0.6026838995761481": 1,
                    "49232999716_0.2133484967243402": 0,
                    "49520812848_0.5734967173507821": 1,
                    "49234813142_0.3142568229981375": 0,
                    "49520873912_0.5927053372462527": 1,
                    "49249262086_0.4763525036126073": false,
                    "49233147770_0.6353950190434796": 0,
                    "49234859651_0.6035613922030387": 0,
                    "49599648354_0.3738368266485066": false,
                    "49518248081_0.4367396293869368": true,
                    "49599660535_0.0823572381286597": "",
                    "49518318443_0.5988810162565685": false,
                    "49519399740_0.07229930251623617": false,
                    "49519436070_0.9418611019894294": false,
                    "49519475735_0.9428268094401824": false,
                    "49519529748_0.519982170810438": false,
                    "49520771123_0.27311479097864666": false,
                    "49611947752_0.41521729946538755": false
                },
                "207305659669_0.31228452701097953"
            ],
            [
                40002,
                {
                    "24538808102_0.9970934946254328": 1,
                    "49612329479_0.7433565589142674": 1,
                    "49541474395_0.999063634948089": 1,
                    "49541474395_0.4302897217422976": 30,
                    "49541474396_0.5364167299087121": "",
                    "49141521249_0.2965750598394892": 0,
                    "49519573910_0.08853124862540018": 1,
                    "49141521416_0.0884961804795068": 0,
                    "49519590084_0.3058131165318816": 1,
                    "49150249927_0.6881795527970145": 100,
                    "49519636189_0.2521948025226537": 1,
                    "49232462793_0.7622411974016037": 1600,
                    "49520636693_0.8404154506260593": 1,
                    "49232464582_0.12430969584603324": 900,
                    "49520744730_0.6026838995761481": 1,
                    "49232999716_0.2133484967243402": 0,
                    "49520812848_0.5734967173507821": 1,
                    "49234813142_0.3142568229981375": 1,
                    "49520873912_0.5927053372462527": 1,
                    "49249262086_0.4763525036126073": false,
                    "49233147770_0.6353950190434796": 0,
                    "49234859651_0.6035613922030387": 0,
                    "49594771755_0.963684096315716": false,
                    "49518248081_0.4367396293869368": false,
                    "49595153167_0.8002073773406164": "",
                    "49519399740_0.07229930251623617": false,
                    "49519436070_0.9418611019894294": false,
                    "49519475735_0.9428268094401824": false,
                    "49519529748_0.519982170810438": false,
                    "49520771123_0.27311479097864666": false,
                    "49612315725_0.0667574286485002": false
                },
                "207305659669_0.4845893831563033"
            ],
            [
                17,
                60,
                0,
                false,
                0,
                {
                    "___cmdID": "207305659669_0.28406492818264195"
                }
            ],
            [
                11,
                1,
                null,
                "",
                1,
                -3,
                "<span style='color:#FfFffF'>「第二天，你老老实实去加班了。」</span>",
                null,
                1,
                0,
                null,
                {
                    "id": 1,
                    "atts": [],
                    "time": 60,
                    "transitionMode": null,
                    "nonTweenType": 0,
                    "mode": 0
                },
                {
                    "___cmdID": "207307656423_0.6539784429072144"
                }
            ],
            [
                11,
                1,
                null,
                "",
                1,
                -3,
                "<span style='color:#FfFffF'>「不但加班，还被老板狠狠批判了一顿。」</span>",
                null,
                1,
                0,
                null,
                {
                    "id": 1,
                    "atts": [],
                    "time": 60,
                    "transitionMode": null,
                    "nonTweenType": 0,
                    "mode": 0
                },
                {
                    "___cmdID": "207307703053_0.5526595901409732"
                }
            ],
            [
                11,
                1,
                null,
                "",
                3,
                -3,
                "<span style='color:#FfFffF'>「达成结局 - 要不晚上还是喝点酒吧，酒壮怂人胆。」</span>",
                null,
                2,
                0,
                null,
                {
                    "id": 1,
                    "atts": {
                        "dialog": [
                            {
                                "strokeColor": "#0000ff"
                            },
                            {
                                "strokeColor": {}
                            }
                        ]
                    },
                    "time": 60,
                    "transitionMode": null,
                    "nonTweenType": 0,
                    "mode": 0
                },
                {
                    "___cmdID": "207305659669_0.3316180408506577"
                }
            ],
            [
                11,
                1,
                null,
                "",
                3,
                -3,
                "<span style='color:#FfFffF'>「要再来一次吗？」</span>",
                null,
                2,
                0,
                null,
                {
                    "id": 1,
                    "atts": [],
                    "time": 60,
                    "transitionMode": null,
                    "nonTweenType": 0,