{
    "sceneObjects": [],
    "customCommands": [
        [
            [
                40001,
                {
                    "24538808102_0.9970934946254328": 1,
                    "49612012650_0.7509974095572418": 1,
                    "24538808435_0.6230939565765392": "asset/image/picture/background/Ending 2.png",
                    "49518385245_0.9308839798952664": 1,
                    "49141521249_0.2965750598394892": 0,
                    "49519573910_0.08853124862540018": 1,
                    "49141521416_0.0884961804795068": 0,
                    "49519590084_0.3058131165318816": 1,
                    "49150249927_0.6881795527970145": 100,
                    "49519636189_0.2521948025226537": 1,
                    "49232462793_0.7622411974016037": 1600,
                    "49520636693_0.8404154506260593": 1,
                    "49232464582_0.12430969584603324": 900,
                    "49520744730_0.6026838995761481": 1,
                    "49232999716_0.2133484967243402": 0,
                    "49520812848_0.5734967173507821": 1,
                    "49234813142_0.3142568229981375": 0,
                    "49520873912_0.5927053372462527": 1,
                    "49249262086_0.4763525036126073": false,
                    "49233147770_0.6353950190434796": 0,
                    "49234859651_0.6035613922030387": 0,
                    "49599648354_0.3738368266485066": false,
                    "49518248081_0.4367396293869368": true,
                    "49599660535_0.0823572381286597": "",
                    "49518318443_0.5988810162565685": false,
                    "49519399740_0.07229930251623617": false,
                    "49519436070_0.9418611019894294": false,
                    "49519475735_0.9428268094401824": false,
                    "49519529748_0.519982170810438": false,
                    "49520771123_0.27311479097864666": false,
                    "49611947752_0.41521729946538755": false
                },
                "207566747109_0.5721362817837954"
            ],
            [
                40002,
                {
                    "24538808102_0.9970934946254328": 1,
                    "49612329479_0.7433565589142674": 1,
                    "49541474395_0.999063634948089": 1,
                    "49541474395_0.4302897217422976": 30,
                    "49541474396_0.5364167299087121": "",
                    "49141521249_0.2965750598394892": 0,
                    "49519573910_0.08853124862540018": 1,
                    "49141521416_0.0884961804795068": 0,
                    "49519590084_0.3058131165318816": 1,
                    "49150249927_0.6881795527970145": 100,
                    "49519636189_0.2521948025226537": 1,
                    "49232462793_0.7622411974016037": 1600,
                    "49520636693_0.8404154506260593": 1,
                    "49232464582_0.12430969584603324": 900,
                    "49520744730_0.6026838995761481": 1,
                    "49232999716_0.2133484967243402": 0,
                    "49520812848_0.5734967173507821": 1,
                    "49234813142_0.3142568229981375": 1,
                    "49520873912_0.5927053372462527": 1,
                    "49249262086_0.4763525036126073": false,
                    "49233147770_0.6353950190434796": 0,
                    "49234859651_0.6035613922030387": 0,
                    "49594771755_0.963684096315716": false,
                    "49518248081_0.4367396293869368": false,
                    "49595153167_0.8002073773406164": "",
                    "49519399740_0.07229930251623617": false,
                    "49519436070_0.9418611019894294": false,
                    "49519475735_0.9428268094401824": false,
                    "49519529748_0.519982170810438": false,
                    "49520771123_0.27311479097864666": false,
                    "49612315725_0.0667574286485002": false
                },
                "207566747109_0.9973762374662056"
            ],
            [
                11,
                1,
                null,
                "凯蒂",
                3,
                -3,
                "<span style='color:#FfFffF'>「恭喜你完成了所有的任务！」</span>",
                null,
                2,
                0,
                null,
                {
                    "id": 1,
                    "atts": [],
                    "time": 60,
                    "transitionMode": null,
                    "nonTweenType": 0,
                    "mode": 0
                },
                {
                    "___cmdID": "207566765788_0.8884798572312194"
                }
            ],
            [
                11,
                1,
                null,
                "拉布布星人",
                3,
                -3,
                "<span style='color:#FfFffF'>「真是辛苦你了！」</span>",
                null,
                2,
                0,
                null,
                {
                    "id": 1,
                    "atts": [],
                    "time": 60,
                    "transitionMode": null,
                    "nonTweenType": 0,
                    "mode": 0
                },
                {
                    "___cmdID": "207566766861_0.3024574921161223"
                }
            ],
            [
                11,
                1,
                null,
                "露比",
                3,
                -3,
                "<span style='color:#FfFffF'>「一起过一个充满爱的圣诞节吧，“我们”和“他”都会永远陪着你的！」</span>",
                null,
                2,
                0,
                null,
                {
                    "id": 1,
                    "atts": [],
                    "time": 60,
                    "transitionMode": null,
                    "nonTweenType": 0,
                    "mode": 0
                },
                {
                    "___cmdID": "207566767533_0.9522558088939679"
                }
            ],
            [
                11,
                1,
                null,
                "所有人",
                3,
                -3,
                "<span style='color:#FfFffF'>「世界上最可爱的小羊，圣诞快乐！」</span>",
                null,
                2,
                0,
                null,
                {
                    "id": 1,
                    "atts": [],
                    "time": 60,
                    "transitionMode": null,
                    "nonTweenType": 0,
                    "mode": 0
                },
                {
                    "___cmdID": "207566876934_0.6170704539951126"
                }
            ],
            [
                40001,
                {
                    "24538808102_0.9970934946254328": 1,
                    "49612012650_0.7509974095572418": 1,
                    "24538808435_0.6230939565765392": "asset/image/picture/other/Black.png",
                    "49518385245_0.9308839798952664": 1,
                    "49141521249_0.2965750598394892": 0,
                    "49519573910_0.08853124862540018": 1,
                    "49141521416_0.0884961804795068": 0,
                    "49519590084_0.3058131165318816": 1,
                    "49150249927_0.6881795527970145": 100,
                    "49519636189_0.2521948025226537": 1,
                    "49232462793_0.7622411974016037": 1600,
                    "49520636693_0.8404154506260593": 1,
                    "49232464582_0.12430969584603324": 900,
                    "49520744730_0.6026838995761481": 1,
                    "49232999716_0.2133484967243402": 0,
                    "49520812848_0.5734967173507821": 1,
                    "49234813142_0.3142568229981375": 1,
                    "49520873912_0.5927053372462527": 1,
                    "49249262086_0.4763525036126073": false,
                    "49233147770_0.6353950190434796": 0,
                    "49234859651_0.6035613922030387": 0,
                    "49599648354_0.3738368266485066": false,